Claim,Evidence,Limit
Decision-specific identification,"Theorems, LP witnesses, independent
numerical checks","Standard mathematics under a finite channel
model"
Sampling and drift certificates,"Full proofs, exhaustive small examples","Conditional on sampling, taxonomy, and drift
assumptions"
Named model behavior,Frozen prompts and raw API records,"Synthetic utilities, two model snapshots"
Product-decision uncertainty,"Held-out synthetic mixtures and de-
clared logging schemes","No conclusion about every possible telemetry
schema"
Customer validity,Protocol and preview instrument only,No completed human study
